{
  "dataset": "Dataset/students_mental_health_survey_with_burnout_final.csv",
  "n_rows": 10000,
  "n_features_raw_all": 17,
  "processed_dimension_all": 44,
  "best_overall": {
    "family": "kmeans_k_sweep",
    "variant": "k=10",
    "k": 10,
    "n_rows": 10000,
    "n_features_raw": 17,
    "n_features_processed": 44,
    "stability_index": 0.8702537045541087,
    "silhouette": 0.0410291845249812,
    "davies_bouldin": 3.3175747929001984,
    "calinski_harabasz": 347.32055965299185,
    "adjusted_rand_index": 0.00015547895490542144,
    "normalized_mutual_info": 0.0010441995040361225,
    "noise_ratio": null
  },
  "top_10": [
    {
      "family": "kmeans_k_sweep",
      "variant": "k=10",
      "k": 10,
      "n_rows": 10000,
      "n_features_raw": 17,
      "n_features_processed": 44,
      "stability_index": 0.8702537045541087,
      "silhouette": 0.0410291845249812,
      "davies_bouldin": 3.3175747929001984,
      "calinski_harabasz": 347.32055965299185,
      "adjusted_rand_index": 0.00015547895490542144,
      "normalized_mutual_info": 0.0010441995040361225,
      "noise_ratio": null
    },
    {
      "family": "kmeans_k_sweep",
      "variant": "k=8",
      "k": 8,
      "n_rows": 10000,
      "n_features_raw": 17,
      "n_features_processed": 44,
      "stability_index": 0.9815789996686417,
      "silhouette": 0.050181192522012114,
      "davies_bouldin": 3.002387014242215,
      "calinski_harabasz": 406.33978827971555,
      "adjusted_rand_index": 2.8822008653271018e-05,
      "normalized_mutual_info": 0.0008691028330029646,
      "noise_ratio": null
    },
    {
      "family": "kmeans_k_sweep",
      "variant": "k=9",
      "k": 9,
      "n_rows": 10000,
      "n_features_raw": 17,
      "n_features_processed": 44,
      "stability_index": 0.8847600665467159,
      "silhouette": 0.044829237046387214,
      "davies_bouldin": 3.1625134808275472,
      "calinski_harabasz": 373.5969028164431,
      "adjusted_rand_index": -9.083200711250333e-06,
      "normalized_mutual_info": 0.0007708727149496215,
      "noise_ratio": null
    },
    {
      "family": "kmeans_feature_subset",
      "variant": "academic_lifestyle_focus",
      "k": 4,
      "n_rows": 10000,
      "n_features_raw": 8,
      "n_features_processed": 20,
      "stability_index": null,
      "silhouette": 0.10343407576264961,
      "davies_bouldin": 2.1204211825017665,
      "calinski_harabasz": 1169.604265194535,
      "adjusted_rand_index": 9.254344702719602e-07,
      "normalized_mutual_info": 0.0006298948629777869,
      "noise_ratio": null
    },
    {
      "family": "kmeans_k_sweep",
      "variant": "k=6",
      "k": 6,
      "n_rows": 10000,
      "n_features_raw": 17,
      "n_features_processed": 44,
      "stability_index": 0.9753770456068557,
      "silhouette": 0.05109199138171847,
      "davies_bouldin": 2.971096592310936,
      "calinski_harabasz": 484.71494257120963,
      "adjusted_rand_index": -1.51697029791034e-05,
      "normalized_mutual_info": 0.0005811117886883733,
      "noise_ratio": null
    },
    {
      "family": "kmeans_k_sweep",
      "variant": "k=7",
      "k": 7,
      "n_rows": 10000,
      "n_features_raw": 17,
      "n_features_processed": 44,
      "stability_index": 0.9810927524354052,
      "silhouette": 0.05130839983199949,
      "davies_bouldin": 2.902538975073887,
      "calinski_harabasz": 442.96336539390245,
      "adjusted_rand_index": -1.9597149177058624e-05,
      "normalized_mutual_info": 0.0005682436269817911,
      "noise_ratio": null
    },
    {
      "family": "kmeans_transformer_weight",
      "variant": "cat_heavy",
      "k": 4,
      "n_rows": 10000,
      "n_features_raw": 17,
      "n_features_processed": 44,
      "stability_index": null,
      "silhouette": 0.05278415431667345,
      "davies_bouldin": 4.088001738919949,
      "calinski_harabasz": 397.15522027691424,
      "adjusted_rand_index": 0.00020714612610816518,
      "normalized_mutual_info": 0.00043639717938054437,
      "noise_ratio": null
    },
    {
      "family": "kmeans_k_sweep",
      "variant": "k=3",
      "k": 3,
      "n_rows": 10000,
      "n_features_raw": 17,
      "n_features_processed": 44,
      "stability_index": 0.9978178524062995,
      "silhouette": 0.06321384723090605,
      "davies_bouldin": 3.2452313264448045,
      "calinski_harabasz": 656.9481340682072,
      "adjusted_rand_index": -0.00010641132567218203,
      "normalized_mutual_info": 0.0003676423836606525,
      "noise_ratio": null
    },
    {
      "family": "kmeans_k_sweep",
      "variant": "k=5",
      "k": 5,
      "n_rows": 10000,
      "n_features_raw": 17,
      "n_features_processed": 44,
      "stability_index": 0.991886621871078,
      "silhouette": 0.05727289152314403,
      "davies_bouldin": 2.9473348783182898,
      "calinski_harabasz": 538.4918219901564,
      "adjusted_rand_index": -0.00012800421121742002,
      "normalized_mutual_info": 0.0003297632541192416,
      "noise_ratio": null
    },
    {
      "family": "kmeans_transformer_weight",
      "variant": "num_heavy",
      "k": 4,
      "n_rows": 10000,
      "n_features_raw": 17,
      "n_features_processed": 44,
      "stability_index": null,
      "silhouette": 0.09229055906880558,
      "davies_bouldin": 2.2806213945013982,
      "calinski_harabasz": 1006.3909037313042,
      "adjusted_rand_index": -0.0001555391940981027,
      "normalized_mutual_info": 0.00031288569675956936,
      "noise_ratio": null
    }
  ],
  "metric_explanations": {
    "silhouette": "How clearly separated clusters are (higher is better, range -1 to 1).",
    "davies_bouldin": "Average overlap/similarity between clusters (lower is better).",
    "calinski_harabasz": "Separation between clusters relative to compactness (higher is better).",
    "adjusted_rand_index": "Agreement with true burnout classes, adjusted for chance (higher is better; 1 is perfect).",
    "normalized_mutual_info": "Shared information between clusters and true burnout classes (0 to 1; higher is better).",
    "stability_index": "Average pairwise ARI across repeated runs/seeds of the same setup (higher means more reproducible clusters).",
    "noise_ratio": "Penalty column for consistency; lower is better when present."
  },
  "figure_explanations": {
    "kmeans_k_sweep_metrics.png": "Line chart across k=2..10 showing NMI, ARI, and Silhouette for the KMeans k-sweep family.",
    "top_variants_by_nmi.png": "Bar chart of top model variants ranked by NMI; compares alignment with burnout quartiles.",
    "best_kmeans_cluster_vs_burnout.png": "Heatmap of discovered clusters vs true burnout quartiles for the best kmeans_k_sweep run."
  },
  "outputs": {
    "results_csv": "Unsupervised/outputs/kmeans_benchmark/unsupervised_experiments_results.csv",
    "results_json": "Unsupervised/outputs/kmeans_benchmark/unsupervised_experiments_results.json",
    "figures_dir": "Unsupervised/outputs/kmeans_benchmark/figures"
  }
}