,precision,recall,f1-score,support
0,0.3660030627871363,0.3943894389438944,0.3796664019062748,606.0
1,0.2569444444444444,0.13405797101449277,0.1761904761904762,552.0
2,0.2159383033419023,0.18025751072961374,0.19649122807017544,466.0
3,0.21044776119402986,0.375,0.2695984703632887,376.0
accuracy,0.269,0.269,0.269,0.269
macro avg,0.2623333929418782,0.27092623017200024,0.2554866441325538,2000.0
weighted avg,0.2716933984743098,0.269,0.26013445977482186,2000.0
