Metric,Value
Accuracy,0.269
Macro F1,0.2554866441325538
Macro Recall,0.27092623017200024
Kappa,0.02925256431367762
ROC-AUC OvR,0.5212001336271085
Log Loss,1.3826326147794143
