Class,Sensitivity_Recall,Specificity,TP,FN,FP,TN
Very Low (Q1),0.33003300330033003,0.7209469153515065,200,406,389,1005
Low (Q2),0.1956521739130435,0.8169889502762431,108,444,265,1183
Moderate (Q3),0.2875536480686695,0.666883963494133,134,332,511,1023
High (Q4),0.2047872340425532,0.8054187192118226,77,299,316,1308
