{
  "silhouette": 0.3373484751736546,
  "calinski_harabasz": 6963.995265664349,
  "davies_bouldin": 0.8903322192833725,
  "normalized_mutual_info": 0.00013337544163564537,
  "adjusted_rand_index": -0.0001136084618357636
}