{
  "shape": [
    10000,
    29
  ],
  "num_columns": 16,
  "cat_columns": 13,
  "numeric_sample_describe": {
    "count": {
      "Age": 10000.0,
      "CGPA": 9988.0,
      "Stress_Level": 10000.0,
      "Depression_Score": 10000.0,
      "Anxiety_Score": 10000.0,
      "Financial_Stress": 10000.0,
      "Semester_Credit_Load": 10000.0,
      "burnout_composite_score": 10000.0,
      "burnout": 10000.0,
      "burnout_raw_score": 10000.0,
      "method1_tertiles": 10000.0,
      "method2_wider": 10000.0,
      "method3_very_wide": 10000.0,
      "method4_manual": 10000.0,
      "method5_manual2": 10000.0,
      "method6_kmeans": 10000.0
    },
    "mean": {
      "Age": 23.0122,
      "CGPA": 3.4927472967561073,
      "Stress_Level": 2.4213,
      "Depression_Score": 2.2747,
      "Anxiety_Score": 2.3021,
      "Financial_Stress": 2.4502,
      "Semester_Credit_Load": 21.984,
      "burnout_composite_score": 2.6645352591003755e-19,
      "burnout": 0.2001,
      "burnout_raw_score": 2.3327,
      "method1_tertiles": 0.851,
      "method2_wider": 1.1036,
      "method3_very_wide": 1.1909,
      "method4_manual": 0.7466,
      "method5_manual2": 0.9992,
      "method6_kmeans": 0.9898
    },
    "std": {
      "Age": 3.862427085952488,
      "CGPA": 0.28666533018956747,
      "Stress_Level": 1.6411202386064698,
      "Depression_Score": 1.6229920888075928,
      "Anxiety_Score": 1.6288956136266095,
      "Financial_Stress": 1.7069303796968736,
      "Semester_Credit_Load": 4.364727836292715,
      "burnout_composite_score": 0.5620596039976422,
      "burnout": 0.4000949857218408,
      "burnout_raw_score": 0.9166395508267944,
      "method1_tertiles": 0.843842525013229,
      "method2_wider": 0.6862318350332788,
      "method3_very_wide": 0.5982415726927792,
      "method4_manual": 0.7520937471488844,
      "method5_manual2": 0.6141962908617821,
      "method6_kmeans": 0.771592830156913
    },
    "min": {
      "Age": 18.0,
      "CGPA": 2.44,
      "Stress_Level": 0.0,
      "Depression_Score": 0.0,
      "Anxiety_Score": 0.0,
      "Financial_Stress": 0.0,
      "Semester_Credit_Load": 15.0,
      "burnout_composite_score": -1.4301483997525717,
      "burnout": 0.0,
      "burnout_raw_score": 0.0,
      "method1_tertiles": 0.0,
      "method2_wider": 0.0,
      "method3_very_wide": 0.0,
      "method4_manual": 0.0,
      "method5_manual2": 0.0,
      "method6_kmeans": 0.0
    },
    "25%": {
      "Age": 20.0,
      "CGPA": 3.29,
      "Stress_Level": 1.0,
      "Depression_Score": 1.0,
      "Anxiety_Score": 1.0,
      "Financial_Stress": 1.0,
      "Semester_Credit_Load": 18.0,
      "burnout_composite_score": -0.4077247458652449,
      "burnout": 0.0,
      "burnout_raw_score": 1.6666666666666667,
      "method1_tertiles": 0.0,
      "method2_wider": 1.0,
      "method3_very_wide": 1.0,
      "method4_manual": 0.0,
      "method5_manual2": 1.0,
      "method6_kmeans": 0.0
    },
    "50%": {
      "Age": 22.0,
      "CGPA": 3.5,
      "Stress_Level": 2.0,
      "Depression_Score": 2.0,
      "Anxiety_Score": 2.0,
      "Financial_Stress": 2.0,
      "Semester_Credit_Load": 22.0,
      "burnout_composite_score": 4.656186542149424e-05,
      "burnout": 0.0,
      "burnout_raw_score": 2.3333333333333335,
      "method1_tertiles": 1.0,
      "method2_wider": 1.0,
      "method3_very_wide": 1.0,
      "method4_manual": 1.0,
      "method5_manual2": 1.0,
      "method6_kmeans": 1.0
    },
    "75%": {
      "Age": 25.0,
      "CGPA": 3.7,
      "Stress_Level": 4.0,
      "Depression_Score": 3.0,
      "Anxiety_Score": 4.0,
      "Financial_Stress": 4.0,
      "Semester_Credit_Load": 26.0,
      "burnout_composite_score": 0.4085622624542682,
      "burnout": 0.0,
      "burnout_raw_score": 3.0,
      "method1_tertiles": 2.0,
      "method2_wider": 2.0,
      "method3_very_wide": 2.0,
      "method4_manual": 1.0,
      "method5_manual2": 1.0,
      "method6_kmeans": 2.0
    },
    "max": {
      "Age": 35.0,
      "CGPA": 4.0,
      "Stress_Level": 5.0,
      "Depression_Score": 5.0,
      "Anxiety_Score": 5.0,
      "Financial_Stress": 5.0,
      "Semester_Credit_Load": 29.0,
      "burnout_composite_score": 1.6356694024489251,
      "burnout": 1.0,
      "burnout_raw_score": 5.0,
      "method1_tertiles": 2.0,
      "method2_wider": 2.0,
      "method3_very_wide": 2.0,
      "method4_manual": 2.0,
      "method5_manual2": 2.0,
      "method6_kmeans": 2.0
    }
  },
  "ttest_summary": [
    {
      "metric": "Depression_Score",
      "group0": "Female",
      "group1": "Male",
      "tstat": 0.28438958384281615,
      "pval": 0.7761177384453025
    },
    {
      "metric": "Anxiety_Score",
      "group0": "Female",
      "group1": "Male",
      "tstat": -0.6405494490746076,
      "pval": 0.5218301404073659
    },
    {
      "metric": "Stress_Level",
      "group0": "Female",
      "group1": "Male",
      "tstat": 0.07876496779539176,
      "pval": 0.9372211466879853
    }
  ],
  "chi2_summary": {
    "chi2": 5.539459135848196,
    "pval": 0.06267895284972844,
    "dof": 2
  }
}