Metric,Value
Accuracy,0.2945
Macro F1,0.260273129631792
Macro Recall,0.27027401016862196
Kappa,0.030395819775939747
