,precision,recall,f1-score,support
0,0.33726415094339623,0.47194719471947194,0.39339752407152684,606.0
1,0.26174496644295303,0.2826086956521739,0.27177700348432055,552.0
2,0.24742268041237114,0.20600858369098712,0.22482435597189696,466.0
3,0.23214285714285715,0.10372340425531915,0.14338235294117646,376.0
accuracy,0.2885,0.2885,0.2885,0.2885
macro avg,0.2696436637353944,0.26607196957948803,0.2583453091172302,2000.0
weighted avg,0.27572499015304375,0.2885,0.27354986004973825,2000.0
