,precision,recall,f1-score,support
0,0.3617021276595745,0.36468646864686466,0.36318816762530814,606.0
1,0.27466666666666667,0.18659420289855072,0.2222222222222222,552.0
2,0.22401847575057737,0.20815450643776823,0.21579532814238042,466.0
3,0.21686746987951808,0.3351063829787234,0.26332288401253917,376.0
accuracy,0.2735,0.2735,0.2735,0.2735
macro avg,0.26931368498908415,0.2736353902404768,0.2661321505006125,2000.0
weighted avg,0.278371133868085,0.2735,0.2711643617753337,2000.0
