Metric,Value
Accuracy,0.2735
Macro F1,0.2661321505006125
Macro Recall,0.2736353902404768
Kappa,0.03213988343047458
ROC-AUC OvR,0.5228524996512888
Log Loss,1.386798444875569
