Metric,Value
Accuracy,0.2765
Macro F1,0.265427069693538
Macro Recall,0.2771135275800829
Kappa,0.03762378871618888
ROC-AUC OvR,0.5244620373765954
Log Loss,1.3835845333358967
